{"count":1,"self":57.521484799999996,"total":62.690697699999994,"children":{"InitializeActuators":{"count":3,"self":0.0010004999999999999,"total":0.0010004999999999999,"children":null},"InitializeSensors":{"count":3,"self":0.0030191,"total":0.0030191,"children":null},"AgentSendState":{"count":2830,"self":0.5788591,"total":0.63804739999999993,"children":{"CollectObservations":{"count":1698,"self":0.0210276,"total":0.0210276,"children":null},"WriteActionMask":{"count":1698,"self":0.0060571999999999996,"total":0.0060571999999999996,"children":null},"RequestDecision":{"count":1698,"self":0.0321035,"total":0.0321035,"children":null}}},"DecideAction":{"count":2830,"self":4.4091195999999995,"total":4.4604408,"children":{"RayPerceptionSensor.Perceive":{"count":1698,"self":0.051321099999999995,"total":0.051321099999999995,"children":null}}},"AgentAct":{"count":2830,"self":0.064182599999999992,"total":0.064182599999999992,"children":null}},"gauges":{"FlappyBall.CumulativeReward":{"count":1,"max":0.5990187,"min":0.5990187,"runningAverage":0.5990187,"value":0.5990187,"weightedAverage":0.5990187}},"metadata":{"timer_format_version":"0.1.0","start_time_seconds":"1762787225","unity_version":"2021.3.45f2","command_line_arguments":"C:\\Program Files\\Unity\\Hub\\Editor\\2021.3.45f2\\Editor\\Unity.exe -projectpath C:\\Ghadi\\University\\Reinforcement Learning\\FlappyBallTraining -acceptSoftwareTermsForThisRunOnly -useHub -hubIPC -cloudEnvironment production -licensingIpc LicenseClient-LENOVO -hubSessionId d2bc3376-88b4-48cf-a0e8-966daa4874f0 -accessToken QQJ9Yyj0BFSa80DO6cHDiWjhXJgBJvCqBimgt136SFE007f","communication_protocol_version":"1.5.0","com.unity.ml-agents_version":"2.0.2","scene_name":"FlappyBallTraining","end_time_seconds":"1762787288"}}